grupo,numero,titulo_ptbr,capa_url,logo_url
categorias,1,Para você (100 melhores de hoje),https://raw.githubusercontent.com/alenkpedro/xperience-ptbr-artes/main/categoria-capa-001-para-voce-100-melhores-de-hoje.webp,https://raw.githubusercontent.com/alenkpedro/xperience-ptbr-artes/main/categoria-logo-001-para-voce-100-melhores-de-hoje.webp
categorias,2,Em alta,https://raw.githubusercontent.com/alenkpedro/xperience-ptbr-artes/main/categoria-capa-002-em-alta.webp,https://raw.githubusercontent.com/alenkpedro/xperience-ptbr-artes/main/categoria-logo-002-em-alta.webp
categorias,3,Populares,https://raw.githubusercontent.com/alenkpedro/xperience-ptbr-artes/main/categoria-capa-003-populares.webp,https://raw.githubusercontent.com/alenkpedro/xperience-ptbr-artes/main/categoria-logo-003-populares.webp
categorias,4,Em alta no Trakt,https://raw.githubusercontent.com/alenkpedro/xperience-ptbr-artes/main/categoria-capa-004-em-alta-no-trakt.webp,https://raw.githubusercontent.com/alenkpedro/xperience-ptbr-artes/main/categoria-logo-004-em-alta-no-trakt.webp
categorias,5,Populares no Trakt,https://raw.githubusercontent.com/alenkpedro/xperience-ptbr-artes/main/categoria-capa-005-populares-no-trakt.webp,https://raw.githubusercontent.com/alenkpedro/xperience-ptbr-artes/main/categoria-logo-005-populares-no-trakt.webp
categorias,6,Mais aguardados no Trakt,https://raw.githubusercontent.com/alenkpedro/xperience-ptbr-artes/main/categoria-capa-006-mais-aguardados-no-trakt.webp,https://raw.githubusercontent.com/alenkpedro/xperience-ptbr-artes/main/categoria-logo-006-mais-aguardados-no-trakt.webp
categorias,7,100 melhores do IMDb,https://raw.githubusercontent.com/alenkpedro/xperience-ptbr-artes/main/categoria-capa-007-100-melhores-do-imdb.webp,https://raw.githubusercontent.com/alenkpedro/xperience-ptbr-artes/main/categoria-logo-007-100-melhores-do-imdb.webp
categorias,8,20 mais populares,https://raw.githubusercontent.com/alenkpedro/xperience-ptbr-artes/main/categoria-capa-008-20-mais-populares.webp,https://raw.githubusercontent.com/alenkpedro/xperience-ptbr-artes/main/categoria-logo-008-20-mais-populares.webp
categorias,9,Ação,https://raw.githubusercontent.com/alenkpedro/xperience-ptbr-artes/main/categoria-capa-009-acao.webp,https://raw.githubusercontent.com/alenkpedro/xperience-ptbr-artes/main/categoria-logo-009-acao.webp
categorias,10,Comédia,https://raw.githubusercontent.com/alenkpedro/xperience-ptbr-artes/main/categoria-capa-010-comedia.webp,https://raw.githubusercontent.com/alenkpedro/xperience-ptbr-artes/main/categoria-logo-010-comedia.webp
categorias,11,Ficção científica,https://raw.githubusercontent.com/alenkpedro/xperience-ptbr-artes/main/categoria-capa-011-ficcao-cientifica.webp,https://raw.githubusercontent.com/alenkpedro/xperience-ptbr-artes/main/categoria-logo-011-ficcao-cientifica.webp
categorias,12,Terror,https://raw.githubusercontent.com/alenkpedro/xperience-ptbr-artes/main/categoria-capa-012-terror.webp,https://raw.githubusercontent.com/alenkpedro/xperience-ptbr-artes/main/categoria-logo-012-terror.webp
categorias,13,Fantasia,https://raw.githubusercontent.com/alenkpedro/xperience-ptbr-artes/main/categoria-capa-013-fantasia.webp,https://raw.githubusercontent.com/alenkpedro/xperience-ptbr-artes/main/categoria-logo-013-fantasia.webp
categorias,14,Mistério,https://raw.githubusercontent.com/alenkpedro/xperience-ptbr-artes/main/categoria-capa-014-misterio.webp,https://raw.githubusercontent.com/alenkpedro/xperience-ptbr-artes/main/categoria-logo-014-misterio.webp
categorias,15,Suspense,https://raw.githubusercontent.com/alenkpedro/xperience-ptbr-artes/main/categoria-capa-015-suspense.webp,https://raw.githubusercontent.com/alenkpedro/xperience-ptbr-artes/main/categoria-logo-015-suspense.webp
categorias,16,Documentários,https://raw.githubusercontent.com/alenkpedro/xperience-ptbr-artes/main/categoria-capa-016-documentarios.webp,https://raw.githubusercontent.com/alenkpedro/xperience-ptbr-artes/main/categoria-logo-016-documentarios.webp
categorias,17,Animações,https://raw.githubusercontent.com/alenkpedro/xperience-ptbr-artes/main/categoria-capa-017-animacoes.webp,https://raw.githubusercontent.com/alenkpedro/xperience-ptbr-artes/main/categoria-logo-017-animacoes.webp
categorias,18,Faroestes,https://raw.githubusercontent.com/alenkpedro/xperience-ptbr-artes/main/categoria-capa-018-faroestes.webp,https://raw.githubusercontent.com/alenkpedro/xperience-ptbr-artes/main/categoria-logo-018-faroestes.webp
categorias,19,Esportes,https://raw.githubusercontent.com/alenkpedro/xperience-ptbr-artes/main/categoria-capa-019-esportes.webp,https://raw.githubusercontent.com/alenkpedro/xperience-ptbr-artes/main/categoria-logo-019-esportes.webp
categorias,20,Musicais,https://raw.githubusercontent.com/alenkpedro/xperience-ptbr-artes/main/categoria-capa-020-musicais.webp,https://raw.githubusercontent.com/alenkpedro/xperience-ptbr-artes/main/categoria-logo-020-musicais.webp
categorias,21,Dramas coreanos,https://raw.githubusercontent.com/alenkpedro/xperience-ptbr-artes/main/categoria-capa-021-dramas-coreanos.webp,https://raw.githubusercontent.com/alenkpedro/xperience-ptbr-artes/main/categoria-logo-021-dramas-coreanos.webp
categorias,22,Suspense de espionagem,https://raw.githubusercontent.com/alenkpedro/xperience-ptbr-artes/main/categoria-capa-022-suspense-de-espionagem.webp,https://raw.githubusercontent.com/alenkpedro/xperience-ptbr-artes/main/categoria-logo-022-suspense-de-espionagem.webp
categorias,23,Guerra,https://raw.githubusercontent.com/alenkpedro/xperience-ptbr-artes/main/categoria-capa-023-guerra.webp,https://raw.githubusercontent.com/alenkpedro/xperience-ptbr-artes/main/categoria-logo-023-guerra.webp
categorias,24,Aventura,https://raw.githubusercontent.com/alenkpedro/xperience-ptbr-artes/main/categoria-capa-024-aventura.webp,https://raw.githubusercontent.com/alenkpedro/xperience-ptbr-artes/main/categoria-logo-024-aventura.webp
categorias,25,Família,https://raw.githubusercontent.com/alenkpedro/xperience-ptbr-artes/main/categoria-capa-025-familia.webp,https://raw.githubusercontent.com/alenkpedro/xperience-ptbr-artes/main/categoria-logo-025-familia.webp
categorias,26,História,https://raw.githubusercontent.com/alenkpedro/xperience-ptbr-artes/main/categoria-capa-026-historia.webp,https://raw.githubusercontent.com/alenkpedro/xperience-ptbr-artes/main/categoria-logo-026-historia.webp
categorias,27,Comédia romântica,https://raw.githubusercontent.com/alenkpedro/xperience-ptbr-artes/main/categoria-capa-027-comedia-romantica.webp,https://raw.githubusercontent.com/alenkpedro/xperience-ptbr-artes/main/categoria-logo-027-comedia-romantica.webp
categorias,28,De explodir a mente,https://raw.githubusercontent.com/alenkpedro/xperience-ptbr-artes/main/categoria-capa-028-de-explodir-a-mente.webp,https://raw.githubusercontent.com/alenkpedro/xperience-ptbr-artes/main/categoria-logo-028-de-explodir-a-mente.webp
categorias,29,Reviravoltas,https://raw.githubusercontent.com/alenkpedro/xperience-ptbr-artes/main/categoria-capa-029-reviravoltas.webp,https://raw.githubusercontent.com/alenkpedro/xperience-ptbr-artes/main/categoria-logo-029-reviravoltas.webp
categorias,30,Assaltos,https://raw.githubusercontent.com/alenkpedro/xperience-ptbr-artes/main/categoria-capa-030-assaltos.webp,https://raw.githubusercontent.com/alenkpedro/xperience-ptbr-artes/main/categoria-logo-030-assaltos.webp
categorias,31,Viagem no tempo,https://raw.githubusercontent.com/alenkpedro/xperience-ptbr-artes/main/categoria-capa-031-viagem-no-tempo.webp,https://raw.githubusercontent.com/alenkpedro/xperience-ptbr-artes/main/categoria-logo-031-viagem-no-tempo.webp
categorias,32,Super-heróis,https://raw.githubusercontent.com/alenkpedro/xperience-ptbr-artes/main/categoria-capa-032-super-herois.webp,https://raw.githubusercontent.com/alenkpedro/xperience-ptbr-artes/main/categoria-logo-032-super-herois.webp
categorias,33,Zumbis,https://raw.githubusercontent.com/alenkpedro/xperience-ptbr-artes/main/categoria-capa-033-zumbis.webp,https://raw.githubusercontent.com/alenkpedro/xperience-ptbr-artes/main/categoria-logo-033-zumbis.webp
categorias,34,Apocalipse,https://raw.githubusercontent.com/alenkpedro/xperience-ptbr-artes/main/categoria-capa-034-apocalipse.webp,https://raw.githubusercontent.com/alenkpedro/xperience-ptbr-artes/main/categoria-logo-034-apocalipse.webp
categorias,35,Assassinos em série,https://raw.githubusercontent.com/alenkpedro/xperience-ptbr-artes/main/categoria-capa-035-assassinos-em-serie.webp,https://raw.githubusercontent.com/alenkpedro/xperience-ptbr-artes/main/categoria-logo-035-assassinos-em-serie.webp
categorias,36,Mistérios de assassinato,https://raw.githubusercontent.com/alenkpedro/xperience-ptbr-artes/main/categoria-capa-036-misterios-de-assassinato.webp,https://raw.githubusercontent.com/alenkpedro/xperience-ptbr-artes/main/categoria-logo-036-misterios-de-assassinato.webp
categorias,37,Loops temporais,https://raw.githubusercontent.com/alenkpedro/xperience-ptbr-artes/main/categoria-capa-037-loops-temporais.webp,https://raw.githubusercontent.com/alenkpedro/xperience-ptbr-artes/main/categoria-logo-037-loops-temporais.webp
categorias,38,Terror moderno,https://raw.githubusercontent.com/alenkpedro/xperience-ptbr-artes/main/categoria-capa-038-terror-moderno.webp,https://raw.githubusercontent.com/alenkpedro/xperience-ptbr-artes/main/categoria-logo-038-terror-moderno.webp
categorias,39,Clássicos do terror,https://raw.githubusercontent.com/alenkpedro/xperience-ptbr-artes/main/categoria-capa-039-classicos-do-terror.webp,https://raw.githubusercontent.com/alenkpedro/xperience-ptbr-artes/main/categoria-logo-039-classicos-do-terror.webp
categorias,40,Espaço sideral,https://raw.githubusercontent.com/alenkpedro/xperience-ptbr-artes/main/categoria-capa-040-espaco-sideral.webp,https://raw.githubusercontent.com/alenkpedro/xperience-ptbr-artes/main/categoria-logo-040-espaco-sideral.webp
categorias,41,Crimes reais,https://raw.githubusercontent.com/alenkpedro/xperience-ptbr-artes/main/categoria-capa-041-crimes-reais.webp,https://raw.githubusercontent.com/alenkpedro/xperience-ptbr-artes/main/categoria-logo-041-crimes-reais.webp
categorias,42,100% no Rotten Tomatoes,https://raw.githubusercontent.com/alenkpedro/xperience-ptbr-artes/main/categoria-capa-042-100-no-rotten-tomatoes.webp,https://raw.githubusercontent.com/alenkpedro/xperience-ptbr-artes/main/categoria-logo-042-100-no-rotten-tomatoes.webp
categorias,43,História e guerra,https://raw.githubusercontent.com/alenkpedro/xperience-ptbr-artes/main/categoria-capa-043-historia-e-guerra.webp,https://raw.githubusercontent.com/alenkpedro/xperience-ptbr-artes/main/categoria-logo-043-historia-e-guerra.webp
categorias,44,Natureza,https://raw.githubusercontent.com/alenkpedro/xperience-ptbr-artes/main/categoria-capa-044-natureza.webp,https://raw.githubusercontent.com/alenkpedro/xperience-ptbr-artes/main/categoria-logo-044-natureza.webp
categorias,45,Comédia stand-up,https://raw.githubusercontent.com/alenkpedro/xperience-ptbr-artes/main/categoria-capa-045-comedia-stand-up.webp,https://raw.githubusercontent.com/alenkpedro/xperience-ptbr-artes/main/categoria-logo-045-comedia-stand-up.webp
categorias,46,Baseados em fatos reais,https://raw.githubusercontent.com/alenkpedro/xperience-ptbr-artes/main/categoria-capa-046-baseados-em-fatos-reais.webp,https://raw.githubusercontent.com/alenkpedro/xperience-ptbr-artes/main/categoria-logo-046-baseados-em-fatos-reais.webp
categorias,47,Nostalgia dos anos 80 e 90,https://raw.githubusercontent.com/alenkpedro/xperience-ptbr-artes/main/categoria-capa-047-nostalgia-dos-anos-80-e-90.webp,https://raw.githubusercontent.com/alenkpedro/xperience-ptbr-artes/main/categoria-logo-047-nostalgia-dos-anos-80-e-90.webp
categorias,48,Melhores dos anos 80 no Rotten Tomatoes,https://raw.githubusercontent.com/alenkpedro/xperience-ptbr-artes/main/categoria-capa-048-melhores-dos-anos-80-no-rotten-tomatoes.webp,https://raw.githubusercontent.com/alenkpedro/xperience-ptbr-artes/main/categoria-logo-048-melhores-dos-anos-80-no-rotten-tomatoes.webp
categorias,49,Melhores dos anos 90 no Rotten Tomatoes,https://raw.githubusercontent.com/alenkpedro/xperience-ptbr-artes/main/categoria-capa-049-melhores-dos-anos-90-no-rotten-tomatoes.webp,https://raw.githubusercontent.com/alenkpedro/xperience-ptbr-artes/main/categoria-logo-049-melhores-dos-anos-90-no-rotten-tomatoes.webp
categorias,50,Melhores dos anos 2000 no Rotten Tomatoes,https://raw.githubusercontent.com/alenkpedro/xperience-ptbr-artes/main/categoria-capa-050-melhores-dos-anos-2000-no-rotten-tomatoes.webp,https://raw.githubusercontent.com/alenkpedro/xperience-ptbr-artes/main/categoria-logo-050-melhores-dos-anos-2000-no-rotten-tomatoes.webp
categorias,51,Melhores dos anos 2010 no Rotten Tomatoes,https://raw.githubusercontent.com/alenkpedro/xperience-ptbr-artes/main/categoria-capa-051-melhores-dos-anos-2010-no-rotten-tomatoes.webp,https://raw.githubusercontent.com/alenkpedro/xperience-ptbr-artes/main/categoria-logo-051-melhores-dos-anos-2010-no-rotten-tomatoes.webp
categorias,52,Natal,https://raw.githubusercontent.com/alenkpedro/xperience-ptbr-artes/main/categoria-capa-052-natal.webp,https://raw.githubusercontent.com/alenkpedro/xperience-ptbr-artes/main/categoria-logo-052-natal.webp
categorias,53,Filmes de Natal para TV,https://raw.githubusercontent.com/alenkpedro/xperience-ptbr-artes/main/categoria-capa-053-filmes-de-natal-para-tv.webp,https://raw.githubusercontent.com/alenkpedro/xperience-ptbr-artes/main/categoria-logo-053-filmes-de-natal-para-tv.webp
categorias,54,Dia de Ação de Graças,https://raw.githubusercontent.com/alenkpedro/xperience-ptbr-artes/main/categoria-capa-054-dia-de-acao-de-gracas.webp,https://raw.githubusercontent.com/alenkpedro/xperience-ptbr-artes/main/categoria-logo-054-dia-de-acao-de-gracas.webp
categorias,55,Joias subestimadas,https://raw.githubusercontent.com/alenkpedro/xperience-ptbr-artes/main/categoria-capa-055-joias-subestimadas.webp,https://raw.githubusercontent.com/alenkpedro/xperience-ptbr-artes/main/categoria-logo-055-joias-subestimadas.webp
categorias,56,Curtas aclamados,https://raw.githubusercontent.com/alenkpedro/xperience-ptbr-artes/main/categoria-capa-056-curtas-aclamados.webp,https://raw.githubusercontent.com/alenkpedro/xperience-ptbr-artes/main/categoria-logo-056-curtas-aclamados.webp
categorias,57,Épicos,https://raw.githubusercontent.com/alenkpedro/xperience-ptbr-artes/main/categoria-capa-057-epicos.webp,https://raw.githubusercontent.com/alenkpedro/xperience-ptbr-artes/main/categoria-logo-057-epicos.webp
categorias,58,Para assistir rapidinho,https://raw.githubusercontent.com/alenkpedro/xperience-ptbr-artes/main/categoria-capa-058-para-assistir-rapidinho.webp,https://raw.githubusercontent.com/alenkpedro/xperience-ptbr-artes/main/categoria-logo-058-para-assistir-rapidinho.webp
categorias,59,Documentários de longa-metragem,https://raw.githubusercontent.com/alenkpedro/xperience-ptbr-artes/main/categoria-capa-059-documentarios-de-longa-metragem.webp,https://raw.githubusercontent.com/alenkpedro/xperience-ptbr-artes/main/categoria-logo-059-documentarios-de-longa-metragem.webp
categorias,60,Artes marciais,https://raw.githubusercontent.com/alenkpedro/xperience-ptbr-artes/main/categoria-capa-060-artes-marciais.webp,https://raw.githubusercontent.com/alenkpedro/xperience-ptbr-artes/main/categoria-logo-060-artes-marciais.webp
categorias,100,250 melhores filmes do IMDb,https://raw.githubusercontent.com/alenkpedro/xperience-ptbr-artes/main/categoria-capa-100-250-melhores-filmes-do-imdb.webp,https://raw.githubusercontent.com/alenkpedro/xperience-ptbr-artes/main/categoria-logo-100-250-melhores-filmes-do-imdb.webp
categorias,101,250 melhores séries do IMDb,https://raw.githubusercontent.com/alenkpedro/xperience-ptbr-artes/main/categoria-capa-101-250-melhores-series-do-imdb.webp,https://raw.githubusercontent.com/alenkpedro/xperience-ptbr-artes/main/categoria-logo-101-250-melhores-series-do-imdb.webp
categorias,102,250 melhores do Letterboxd,https://raw.githubusercontent.com/alenkpedro/xperience-ptbr-artes/main/categoria-capa-102-250-melhores-do-letterboxd.webp,https://raw.githubusercontent.com/alenkpedro/xperience-ptbr-artes/main/categoria-logo-102-250-melhores-do-letterboxd.webp
categorias,103,Coleção Criterion,https://raw.githubusercontent.com/alenkpedro/xperience-ptbr-artes/main/categoria-capa-103-colecao-criterion.webp,https://raw.githubusercontent.com/alenkpedro/xperience-ptbr-artes/main/categoria-logo-103-colecao-criterion.webp
categorias,104,100 melhores do AFI,https://raw.githubusercontent.com/alenkpedro/xperience-ptbr-artes/main/categoria-capa-104-100-melhores-do-afi.webp,https://raw.githubusercontent.com/alenkpedro/xperience-ptbr-artes/main/categoria-logo-104-100-melhores-do-afi.webp
categorias,105,1001 filmes,https://raw.githubusercontent.com/alenkpedro/xperience-ptbr-artes/main/categoria-capa-105-1001-filmes.webp,https://raw.githubusercontent.com/alenkpedro/xperience-ptbr-artes/main/categoria-logo-105-1001-filmes.webp
categorias,106,Oscar: vencedores de Melhor Filme,https://raw.githubusercontent.com/alenkpedro/xperience-ptbr-artes/main/categoria-capa-106-oscar-vencedores-de-melhor-filme.webp,https://raw.githubusercontent.com/alenkpedro/xperience-ptbr-artes/main/categoria-logo-106-oscar-vencedores-de-melhor-filme.webp
categorias,107,Oscar: indicados a Melhor Filme,https://raw.githubusercontent.com/alenkpedro/xperience-ptbr-artes/main/categoria-capa-107-oscar-indicados-a-melhor-filme.webp,https://raw.githubusercontent.com/alenkpedro/xperience-ptbr-artes/main/categoria-logo-107-oscar-indicados-a-melhor-filme.webp
categorias,108,Melhores filmes de 2024,https://raw.githubusercontent.com/alenkpedro/xperience-ptbr-artes/main/categoria-capa-108-melhores-filmes-de-2024.webp,https://raw.githubusercontent.com/alenkpedro/xperience-ptbr-artes/main/categoria-logo-108-melhores-filmes-de-2024.webp
categorias,109,Melhores filmes de 2025,https://raw.githubusercontent.com/alenkpedro/xperience-ptbr-artes/main/categoria-capa-109-melhores-filmes-de-2025.webp,https://raw.githubusercontent.com/alenkpedro/xperience-ptbr-artes/main/categoria-logo-109-melhores-filmes-de-2025.webp
categorias,110,Melhores séries de 2025,https://raw.githubusercontent.com/alenkpedro/xperience-ptbr-artes/main/categoria-capa-110-melhores-series-de-2025.webp,https://raw.githubusercontent.com/alenkpedro/xperience-ptbr-artes/main/categoria-logo-110-melhores-series-de-2025.webp
categorias,111,Anos 2020,https://raw.githubusercontent.com/alenkpedro/xperience-ptbr-artes/main/categoria-capa-111-anos-2020.webp,https://raw.githubusercontent.com/alenkpedro/xperience-ptbr-artes/main/categoria-logo-111-anos-2020.webp
categorias,112,Anos 2010,https://raw.githubusercontent.com/alenkpedro/xperience-ptbr-artes/main/categoria-capa-112-anos-2010.webp,https://raw.githubusercontent.com/alenkpedro/xperience-ptbr-artes/main/categoria-logo-112-anos-2010.webp
categorias,113,Anos 2000,https://raw.githubusercontent.com/alenkpedro/xperience-ptbr-artes/main/categoria-capa-113-anos-2000.webp,https://raw.githubusercontent.com/alenkpedro/xperience-ptbr-artes/main/categoria-logo-113-anos-2000.webp
categorias,114,Anos 1990,https://raw.githubusercontent.com/alenkpedro/xperience-ptbr-artes/main/categoria-capa-114-anos-1990.webp,https://raw.githubusercontent.com/alenkpedro/xperience-ptbr-artes/main/categoria-logo-114-anos-1990.webp
categorias,115,Anos 1980,https://raw.githubusercontent.com/alenkpedro/xperience-ptbr-artes/main/categoria-capa-115-anos-1980.webp,https://raw.githubusercontent.com/alenkpedro/xperience-ptbr-artes/main/categoria-logo-115-anos-1980.webp
categorias,116,Anos 1970,https://raw.githubusercontent.com/alenkpedro/xperience-ptbr-artes/main/categoria-capa-116-anos-1970.webp,https://raw.githubusercontent.com/alenkpedro/xperience-ptbr-artes/main/categoria-logo-116-anos-1970.webp
categorias,117,Anos 1960,https://raw.githubusercontent.com/alenkpedro/xperience-ptbr-artes/main/categoria-capa-117-anos-1960.webp,https://raw.githubusercontent.com/alenkpedro/xperience-ptbr-artes/main/categoria-logo-117-anos-1960.webp
categorias,118,Anos 1950 e anteriores,https://raw.githubusercontent.com/alenkpedro/xperience-ptbr-artes/main/categoria-capa-118-anos-1950-e-anteriores.webp,https://raw.githubusercontent.com/alenkpedro/xperience-ptbr-artes/main/categoria-logo-118-anos-1950-e-anteriores.webp
categorias,119,Ação dos anos 90,https://raw.githubusercontent.com/alenkpedro/xperience-ptbr-artes/main/categoria-capa-119-acao-dos-anos-90.webp,https://raw.githubusercontent.com/alenkpedro/xperience-ptbr-artes/main/categoria-logo-119-acao-dos-anos-90.webp
categorias,120,Terror dos anos 80,https://raw.githubusercontent.com/alenkpedro/xperience-ptbr-artes/main/categoria-capa-120-terror-dos-anos-80.webp,https://raw.githubusercontent.com/alenkpedro/xperience-ptbr-artes/main/categoria-logo-120-terror-dos-anos-80.webp
categorias,121,Ficção científica dos anos 90,https://raw.githubusercontent.com/alenkpedro/xperience-ptbr-artes/main/categoria-capa-121-ficcao-cientifica-dos-anos-90.webp,https://raw.githubusercontent.com/alenkpedro/xperience-ptbr-artes/main/categoria-logo-121-ficcao-cientifica-dos-anos-90.webp
categorias,122,Ficção científica dos anos 80,https://raw.githubusercontent.com/alenkpedro/xperience-ptbr-artes/main/categoria-capa-122-ficcao-cientifica-dos-anos-80.webp,https://raw.githubusercontent.com/alenkpedro/xperience-ptbr-artes/main/categoria-logo-122-ficcao-cientifica-dos-anos-80.webp
categorias,123,Comédia dos anos 90,https://raw.githubusercontent.com/alenkpedro/xperience-ptbr-artes/main/categoria-capa-123-comedia-dos-anos-90.webp,https://raw.githubusercontent.com/alenkpedro/xperience-ptbr-artes/main/categoria-logo-123-comedia-dos-anos-90.webp
categorias,124,Crime dos anos 70,https://raw.githubusercontent.com/alenkpedro/xperience-ptbr-artes/main/categoria-capa-124-crime-dos-anos-70.webp,https://raw.githubusercontent.com/alenkpedro/xperience-ptbr-artes/main/categoria-logo-124-crime-dos-anos-70.webp
categorias,125,Comédias românticas dos anos 2000,https://raw.githubusercontent.com/alenkpedro/xperience-ptbr-artes/main/categoria-capa-125-comedias-romanticas-dos-anos-2000.webp,https://raw.githubusercontent.com/alenkpedro/xperience-ptbr-artes/main/categoria-logo-125-comedias-romanticas-dos-anos-2000.webp
categorias,126,Animações dos anos 2010,https://raw.githubusercontent.com/alenkpedro/xperience-ptbr-artes/main/categoria-capa-126-animacoes-dos-anos-2010.webp,https://raw.githubusercontent.com/alenkpedro/xperience-ptbr-artes/main/categoria-logo-126-animacoes-dos-anos-2010.webp
categorias,127,Nos cinemas,https://raw.githubusercontent.com/alenkpedro/xperience-ptbr-artes/main/categoria-capa-127-nos-cinemas.webp,https://raw.githubusercontent.com/alenkpedro/xperience-ptbr-artes/main/categoria-logo-127-nos-cinemas.webp
categorias,128,Próximos filmes,https://raw.githubusercontent.com/alenkpedro/xperience-ptbr-artes/main/categoria-capa-128-proximos-filmes.webp,https://raw.githubusercontent.com/alenkpedro/xperience-ptbr-artes/main/categoria-logo-128-proximos-filmes.webp
categorias,129,Séries em exibição,https://raw.githubusercontent.com/alenkpedro/xperience-ptbr-artes/main/categoria-capa-129-series-em-exibicao.webp,https://raw.githubusercontent.com/alenkpedro/xperience-ptbr-artes/main/categoria-logo-129-series-em-exibicao.webp
categorias,130,Exibidos hoje,https://raw.githubusercontent.com/alenkpedro/xperience-ptbr-artes/main/categoria-capa-130-exibidos-hoje.webp,https://raw.githubusercontent.com/alenkpedro/xperience-ptbr-artes/main/categoria-logo-130-exibidos-hoje.webp
categorias,131,Lançamentos digitais,https://raw.githubusercontent.com/alenkpedro/xperience-ptbr-artes/main/categoria-capa-131-lancamentos-digitais.webp,https://raw.githubusercontent.com/alenkpedro/xperience-ptbr-artes/main/categoria-logo-131-lancamentos-digitais.webp
categorias,132,Lançamentos recentes,https://raw.githubusercontent.com/alenkpedro/xperience-ptbr-artes/main/categoria-capa-132-lancamentos-recentes.webp,https://raw.githubusercontent.com/alenkpedro/xperience-ptbr-artes/main/categoria-logo-132-lancamentos-recentes.webp
categorias,133,Lançamentos em Blu-ray,https://raw.githubusercontent.com/alenkpedro/xperience-ptbr-artes/main/categoria-capa-133-lancamentos-em-blu-ray.webp,https://raw.githubusercontent.com/alenkpedro/xperience-ptbr-artes/main/categoria-logo-133-lancamentos-em-blu-ray.webp
categorias,134,Séries em exibição,https://raw.githubusercontent.com/alenkpedro/xperience-ptbr-artes/main/categoria-capa-134-series-em-exibicao.webp,https://raw.githubusercontent.com/alenkpedro/xperience-ptbr-artes/main/categoria-logo-134-series-em-exibicao.webp
categorias,135,Melhores de 2025 segundo o NYT,https://raw.githubusercontent.com/alenkpedro/xperience-ptbr-artes/main/categoria-capa-135-melhores-de-2025-segundo-o-nyt.webp,https://raw.githubusercontent.com/alenkpedro/xperience-ptbr-artes/main/categoria-logo-135-melhores-de-2025-segundo-o-nyt.webp
categorias,136,Curtos (menos de 90 min),https://raw.githubusercontent.com/alenkpedro/xperience-ptbr-artes/main/categoria-capa-136-curtos-menos-de-90-min.webp,https://raw.githubusercontent.com/alenkpedro/xperience-ptbr-artes/main/categoria-logo-136-curtos-menos-de-90-min.webp
categorias,137,Duração padrão (90 a 120 min),https://raw.githubusercontent.com/alenkpedro/xperience-ptbr-artes/main/categoria-capa-137-duracao-padrao-90-a-120-min.webp,https://raw.githubusercontent.com/alenkpedro/xperience-ptbr-artes/main/categoria-logo-137-duracao-padrao-90-a-120-min.webp
categorias,138,Longos (2 h a 2 h 30),https://raw.githubusercontent.com/alenkpedro/xperience-ptbr-artes/main/categoria-capa-138-longos-2-h-a-2-h-30.webp,https://raw.githubusercontent.com/alenkpedro/xperience-ptbr-artes/main/categoria-logo-138-longos-2-h-a-2-h-30.webp
categorias,139,Épicos (150 min ou mais),https://raw.githubusercontent.com/alenkpedro/xperience-ptbr-artes/main/categoria-capa-139-epicos-150-min-ou-mais.webp,https://raw.githubusercontent.com/alenkpedro/xperience-ptbr-artes/main/categoria-logo-139-epicos-150-min-ou-mais.webp
categorias,140,Mais bem avaliados,https://raw.githubusercontent.com/alenkpedro/xperience-ptbr-artes/main/categoria-capa-140-mais-bem-avaliados.webp,https://raw.githubusercontent.com/alenkpedro/xperience-ptbr-artes/main/categoria-logo-140-mais-bem-avaliados.webp
categorias,141,Lançamentos recentes,https://raw.githubusercontent.com/alenkpedro/xperience-ptbr-artes/main/categoria-capa-141-lancamentos-recentes.webp,https://raw.githubusercontent.com/alenkpedro/xperience-ptbr-artes/main/categoria-logo-141-lancamentos-recentes.webp
categorias,142,Em alta,https://raw.githubusercontent.com/alenkpedro/xperience-ptbr-artes/main/categoria-capa-142-em-alta.webp,https://raw.githubusercontent.com/alenkpedro/xperience-ptbr-artes/main/categoria-logo-142-em-alta.webp
categorias,143,Mais populares,https://raw.githubusercontent.com/alenkpedro/xperience-ptbr-artes/main/categoria-capa-143-mais-populares.webp,https://raw.githubusercontent.com/alenkpedro/xperience-ptbr-artes/main/categoria-logo-143-mais-populares.webp
categorias,144,Em breve,https://raw.githubusercontent.com/alenkpedro/xperience-ptbr-artes/main/categoria-capa-144-em-breve.webp,https://raw.githubusercontent.com/alenkpedro/xperience-ptbr-artes/main/categoria-logo-144-em-breve.webp
categorias,145,Em exibição,https://raw.githubusercontent.com/alenkpedro/xperience-ptbr-artes/main/categoria-capa-145-em-exibicao.webp,https://raw.githubusercontent.com/alenkpedro/xperience-ptbr-artes/main/categoria-logo-145-em-exibicao.webp
categorias,146,50 melhores da Crunchyroll,https://raw.githubusercontent.com/alenkpedro/xperience-ptbr-artes/main/categoria-capa-146-50-melhores-da-crunchyroll.webp,https://raw.githubusercontent.com/alenkpedro/xperience-ptbr-artes/main/categoria-logo-146-50-melhores-da-crunchyroll.webp
categorias,147,Cantonês,https://raw.githubusercontent.com/alenkpedro/xperience-ptbr-artes/main/categoria-capa-147-cantones.webp,https://raw.githubusercontent.com/alenkpedro/xperience-ptbr-artes/main/categoria-logo-147-cantones.webp
categorias,148,Chinês,https://raw.githubusercontent.com/alenkpedro/xperience-ptbr-artes/main/categoria-capa-148-chines.webp,https://raw.githubusercontent.com/alenkpedro/xperience-ptbr-artes/main/categoria-logo-148-chines.webp
categorias,149,Francês,https://raw.githubusercontent.com/alenkpedro/xperience-ptbr-artes/main/categoria-capa-149-frances.webp,https://raw.githubusercontent.com/alenkpedro/xperience-ptbr-artes/main/categoria-logo-149-frances.webp
categorias,150,Alemão,https://raw.githubusercontent.com/alenkpedro/xperience-ptbr-artes/main/categoria-capa-150-alemao.webp,https://raw.githubusercontent.com/alenkpedro/xperience-ptbr-artes/main/categoria-logo-150-alemao.webp
categorias,151,Grego,https://raw.githubusercontent.com/alenkpedro/xperience-ptbr-artes/main/categoria-capa-151-grego.webp,https://raw.githubusercontent.com/alenkpedro/xperience-ptbr-artes/main/categoria-logo-151-grego.webp
categorias,152,Índia,https://raw.githubusercontent.com/alenkpedro/xperience-ptbr-artes/main/categoria-capa-152-india.webp,https://raw.githubusercontent.com/alenkpedro/xperience-ptbr-artes/main/categoria-logo-152-india.webp
categorias,153,Italiano,https://raw.githubusercontent.com/alenkpedro/xperience-ptbr-artes/main/categoria-capa-153-italiano.webp,https://raw.githubusercontent.com/alenkpedro/xperience-ptbr-artes/main/categoria-logo-153-italiano.webp
categorias,154,Japonês,https://raw.githubusercontent.com/alenkpedro/xperience-ptbr-artes/main/categoria-capa-154-japones.webp,https://raw.githubusercontent.com/alenkpedro/xperience-ptbr-artes/main/categoria-logo-154-japones.webp
categorias,155,Coreano,https://raw.githubusercontent.com/alenkpedro/xperience-ptbr-artes/main/categoria-capa-155-coreano.webp,https://raw.githubusercontent.com/alenkpedro/xperience-ptbr-artes/main/categoria-logo-155-coreano.webp
categorias,156,Russo,https://raw.githubusercontent.com/alenkpedro/xperience-ptbr-artes/main/categoria-capa-156-russo.webp,https://raw.githubusercontent.com/alenkpedro/xperience-ptbr-artes/main/categoria-logo-156-russo.webp
categorias,157,Espanhol,https://raw.githubusercontent.com/alenkpedro/xperience-ptbr-artes/main/categoria-capa-157-espanhol.webp,https://raw.githubusercontent.com/alenkpedro/xperience-ptbr-artes/main/categoria-logo-157-espanhol.webp
categorias,158,Tâmil,https://raw.githubusercontent.com/alenkpedro/xperience-ptbr-artes/main/categoria-capa-158-tamil.webp,https://raw.githubusercontent.com/alenkpedro/xperience-ptbr-artes/main/categoria-logo-158-tamil.webp
categorias,159,Telugo,https://raw.githubusercontent.com/alenkpedro/xperience-ptbr-artes/main/categoria-capa-159-telugo.webp,https://raw.githubusercontent.com/alenkpedro/xperience-ptbr-artes/main/categoria-logo-159-telugo.webp
categorias,160,Tailandês,https://raw.githubusercontent.com/alenkpedro/xperience-ptbr-artes/main/categoria-capa-160-tailandes.webp,https://raw.githubusercontent.com/alenkpedro/xperience-ptbr-artes/main/categoria-logo-160-tailandes.webp
categorias,161,Turco,https://raw.githubusercontent.com/alenkpedro/xperience-ptbr-artes/main/categoria-capa-161-turco.webp,https://raw.githubusercontent.com/alenkpedro/xperience-ptbr-artes/main/categoria-logo-161-turco.webp
franquias,1,Universo Cinematográfico Marvel,https://raw.githubusercontent.com/alenkpedro/xperience-ptbr-artes/main/franquia-capa-001-universo-cinematografico-marvel.webp,https://raw.githubusercontent.com/alenkpedro/xperience-ptbr-artes/main/franquia-logo-001-universo-cinematografico-marvel.webp
franquias,2,Harry Potter,https://raw.githubusercontent.com/alenkpedro/xperience-ptbr-artes/main/franquia-capa-002-harry-potter.webp,https://raw.githubusercontent.com/alenkpedro/xperience-ptbr-artes/main/franquia-logo-002-harry-potter.webp
franquias,3,O Senhor dos Anéis,https://raw.githubusercontent.com/alenkpedro/xperience-ptbr-artes/main/franquia-capa-003-o-senhor-dos-aneis.webp,https://raw.githubusercontent.com/alenkpedro/xperience-ptbr-artes/main/franquia-logo-003-o-senhor-dos-aneis.webp
franquias,4,Star Wars,https://raw.githubusercontent.com/alenkpedro/xperience-ptbr-artes/main/franquia-capa-004-star-wars.webp,https://raw.githubusercontent.com/alenkpedro/xperience-ptbr-artes/main/franquia-logo-004-star-wars.webp
franquias,5,O Hobbit,https://raw.githubusercontent.com/alenkpedro/xperience-ptbr-artes/main/franquia-capa-005-o-hobbit.webp,https://raw.githubusercontent.com/alenkpedro/xperience-ptbr-artes/main/franquia-logo-005-o-hobbit.webp
franquias,6,James Bond,https://raw.githubusercontent.com/alenkpedro/xperience-ptbr-artes/main/franquia-capa-006-james-bond.webp,https://raw.githubusercontent.com/alenkpedro/xperience-ptbr-artes/main/franquia-logo-006-james-bond.webp
franquias,7,Missão: Impossível,https://raw.githubusercontent.com/alenkpedro/xperience-ptbr-artes/main/franquia-capa-007-missao-impossivel.webp,https://raw.githubusercontent.com/alenkpedro/xperience-ptbr-artes/main/franquia-logo-007-missao-impossivel.webp
franquias,8,Indiana Jones,https://raw.githubusercontent.com/alenkpedro/xperience-ptbr-artes/main/franquia-capa-008-indiana-jones.webp,https://raw.githubusercontent.com/alenkpedro/xperience-ptbr-artes/main/franquia-logo-008-indiana-jones.webp
franquias,9,Jurassic Park,https://raw.githubusercontent.com/alenkpedro/xperience-ptbr-artes/main/franquia-capa-009-jurassic-park.webp,https://raw.githubusercontent.com/alenkpedro/xperience-ptbr-artes/main/franquia-logo-009-jurassic-park.webp
franquias,10,Velozes e Furiosos,https://raw.githubusercontent.com/alenkpedro/xperience-ptbr-artes/main/franquia-capa-010-velozes-e-furiosos.webp,https://raw.githubusercontent.com/alenkpedro/xperience-ptbr-artes/main/franquia-logo-010-velozes-e-furiosos.webp
franquias,11,John Wick,https://raw.githubusercontent.com/alenkpedro/xperience-ptbr-artes/main/franquia-capa-011-john-wick.webp,https://raw.githubusercontent.com/alenkpedro/xperience-ptbr-artes/main/franquia-logo-011-john-wick.webp
franquias,12,Matrix,https://raw.githubusercontent.com/alenkpedro/xperience-ptbr-artes/main/franquia-capa-012-matrix.webp,https://raw.githubusercontent.com/alenkpedro/xperience-ptbr-artes/main/franquia-logo-012-matrix.webp
franquias,13,Duro de Matar,https://raw.githubusercontent.com/alenkpedro/xperience-ptbr-artes/main/franquia-capa-013-duro-de-matar.webp,https://raw.githubusercontent.com/alenkpedro/xperience-ptbr-artes/main/franquia-logo-013-duro-de-matar.webp
franquias,14,Busca Implacável,https://raw.githubusercontent.com/alenkpedro/xperience-ptbr-artes/main/franquia-capa-014-busca-implacavel.webp,https://raw.githubusercontent.com/alenkpedro/xperience-ptbr-artes/main/franquia-logo-014-busca-implacavel.webp
franquias,15,Bourne,https://raw.githubusercontent.com/alenkpedro/xperience-ptbr-artes/main/franquia-capa-015-bourne.webp,https://raw.githubusercontent.com/alenkpedro/xperience-ptbr-artes/main/franquia-logo-015-bourne.webp
franquias,16,Ocean's,https://raw.githubusercontent.com/alenkpedro/xperience-ptbr-artes/main/franquia-capa-016-ocean-s.webp,https://raw.githubusercontent.com/alenkpedro/xperience-ptbr-artes/main/franquia-logo-016-ocean-s.webp
franquias,17,Mad Max,https://raw.githubusercontent.com/alenkpedro/xperience-ptbr-artes/main/franquia-capa-017-mad-max.webp,https://raw.githubusercontent.com/alenkpedro/xperience-ptbr-artes/main/franquia-logo-017-mad-max.webp
franquias,18,Rambo,https://raw.githubusercontent.com/alenkpedro/xperience-ptbr-artes/main/franquia-capa-018-rambo.webp,https://raw.githubusercontent.com/alenkpedro/xperience-ptbr-artes/main/franquia-logo-018-rambo.webp
franquias,19,Os Mercenários,https://raw.githubusercontent.com/alenkpedro/xperience-ptbr-artes/main/franquia-capa-019-os-mercenarios.webp,https://raw.githubusercontent.com/alenkpedro/xperience-ptbr-artes/main/franquia-logo-019-os-mercenarios.webp
franquias,20,Kingsman,https://raw.githubusercontent.com/alenkpedro/xperience-ptbr-artes/main/franquia-capa-020-kingsman.webp,https://raw.githubusercontent.com/alenkpedro/xperience-ptbr-artes/main/franquia-logo-020-kingsman.webp
franquias,21,Os Vingadores,https://raw.githubusercontent.com/alenkpedro/xperience-ptbr-artes/main/franquia-capa-021-os-vingadores.webp,https://raw.githubusercontent.com/alenkpedro/xperience-ptbr-artes/main/franquia-logo-021-os-vingadores.webp
franquias,22,Capitão América,https://raw.githubusercontent.com/alenkpedro/xperience-ptbr-artes/main/franquia-capa-022-capitao-america.webp,https://raw.githubusercontent.com/alenkpedro/xperience-ptbr-artes/main/franquia-logo-022-capitao-america.webp
franquias,23,Homem de Ferro,https://raw.githubusercontent.com/alenkpedro/xperience-ptbr-artes/main/franquia-capa-023-homem-de-ferro.webp,https://raw.githubusercontent.com/alenkpedro/xperience-ptbr-artes/main/franquia-logo-023-homem-de-ferro.webp
franquias,24,Thor,https://raw.githubusercontent.com/alenkpedro/xperience-ptbr-artes/main/franquia-capa-024-thor.webp,https://raw.githubusercontent.com/alenkpedro/xperience-ptbr-artes/main/franquia-logo-024-thor.webp
franquias,25,Guardiões da Galáxia,https://raw.githubusercontent.com/alenkpedro/xperience-ptbr-artes/main/franquia-capa-025-guardioes-da-galaxia.webp,https://raw.githubusercontent.com/alenkpedro/xperience-ptbr-artes/main/franquia-logo-025-guardioes-da-galaxia.webp
franquias,26,Doutor Estranho,https://raw.githubusercontent.com/alenkpedro/xperience-ptbr-artes/main/franquia-capa-026-doutor-estranho.webp,https://raw.githubusercontent.com/alenkpedro/xperience-ptbr-artes/main/franquia-logo-026-doutor-estranho.webp
franquias,27,Pantera Negra,https://raw.githubusercontent.com/alenkpedro/xperience-ptbr-artes/main/franquia-capa-027-pantera-negra.webp,https://raw.githubusercontent.com/alenkpedro/xperience-ptbr-artes/main/franquia-logo-027-pantera-negra.webp
franquias,28,Homem-Formiga,https://raw.githubusercontent.com/alenkpedro/xperience-ptbr-artes/main/franquia-capa-028-homem-formiga.webp,https://raw.githubusercontent.com/alenkpedro/xperience-ptbr-artes/main/franquia-logo-028-homem-formiga.webp
franquias,29,Deadpool,https://raw.githubusercontent.com/alenkpedro/xperience-ptbr-artes/main/franquia-capa-029-deadpool.webp,https://raw.githubusercontent.com/alenkpedro/xperience-ptbr-artes/main/franquia-logo-029-deadpool.webp
franquias,30,X-Men,https://raw.githubusercontent.com/alenkpedro/xperience-ptbr-artes/main/franquia-capa-030-x-men.webp,https://raw.githubusercontent.com/alenkpedro/xperience-ptbr-artes/main/franquia-logo-030-x-men.webp
franquias,31,Mulher-Maravilha,https://raw.githubusercontent.com/alenkpedro/xperience-ptbr-artes/main/franquia-capa-031-mulher-maravilha.webp,https://raw.githubusercontent.com/alenkpedro/xperience-ptbr-artes/main/franquia-logo-031-mulher-maravilha.webp
franquias,32,Aquaman,https://raw.githubusercontent.com/alenkpedro/xperience-ptbr-artes/main/franquia-capa-032-aquaman.webp,https://raw.githubusercontent.com/alenkpedro/xperience-ptbr-artes/main/franquia-logo-032-aquaman.webp
franquias,33,Homem-Aranha,https://raw.githubusercontent.com/alenkpedro/xperience-ptbr-artes/main/franquia-capa-033-homem-aranha.webp,https://raw.githubusercontent.com/alenkpedro/xperience-ptbr-artes/main/franquia-logo-033-homem-aranha.webp
franquias,34,Superman,https://raw.githubusercontent.com/alenkpedro/xperience-ptbr-artes/main/franquia-capa-034-superman.webp,https://raw.githubusercontent.com/alenkpedro/xperience-ptbr-artes/main/franquia-logo-034-superman.webp
franquias,35,Batman,https://raw.githubusercontent.com/alenkpedro/xperience-ptbr-artes/main/franquia-capa-035-batman.webp,https://raw.githubusercontent.com/alenkpedro/xperience-ptbr-artes/main/franquia-logo-035-batman.webp
franquias,36,Star Trek,https://raw.githubusercontent.com/alenkpedro/xperience-ptbr-artes/main/franquia-capa-036-star-trek.webp,https://raw.githubusercontent.com/alenkpedro/xperience-ptbr-artes/main/franquia-logo-036-star-trek.webp
franquias,37,Alien,https://raw.githubusercontent.com/alenkpedro/xperience-ptbr-artes/main/franquia-capa-037-alien.webp,https://raw.githubusercontent.com/alenkpedro/xperience-ptbr-artes/main/franquia-logo-037-alien.webp
franquias,38,O Exterminador do Futuro,https://raw.githubusercontent.com/alenkpedro/xperience-ptbr-artes/main/franquia-capa-038-o-exterminador-do-futuro.webp,https://raw.githubusercontent.com/alenkpedro/xperience-ptbr-artes/main/franquia-logo-038-o-exterminador-do-futuro.webp
franquias,39,Predador,https://raw.githubusercontent.com/alenkpedro/xperience-ptbr-artes/main/franquia-capa-039-predador.webp,https://raw.githubusercontent.com/alenkpedro/xperience-ptbr-artes/main/franquia-logo-039-predador.webp
franquias,40,Halloween,https://raw.githubusercontent.com/alenkpedro/xperience-ptbr-artes/main/franquia-capa-040-halloween.webp,https://raw.githubusercontent.com/alenkpedro/xperience-ptbr-artes/main/franquia-logo-040-halloween.webp
franquias,41,A Hora do Pesadelo,https://raw.githubusercontent.com/alenkpedro/xperience-ptbr-artes/main/franquia-capa-041-a-hora-do-pesadelo.webp,https://raw.githubusercontent.com/alenkpedro/xperience-ptbr-artes/main/franquia-logo-041-a-hora-do-pesadelo.webp
franquias,42,Jogos Mortais,https://raw.githubusercontent.com/alenkpedro/xperience-ptbr-artes/main/franquia-capa-042-jogos-mortais.webp,https://raw.githubusercontent.com/alenkpedro/xperience-ptbr-artes/main/franquia-logo-042-jogos-mortais.webp
franquias,43,Pânico,https://raw.githubusercontent.com/alenkpedro/xperience-ptbr-artes/main/franquia-capa-043-panico.webp,https://raw.githubusercontent.com/alenkpedro/xperience-ptbr-artes/main/franquia-logo-043-panico.webp
franquias,44,Invocação do Mal,https://raw.githubusercontent.com/alenkpedro/xperience-ptbr-artes/main/franquia-capa-044-invocacao-do-mal.webp,https://raw.githubusercontent.com/alenkpedro/xperience-ptbr-artes/main/franquia-logo-044-invocacao-do-mal.webp
franquias,45,Todo Mundo em Pânico,https://raw.githubusercontent.com/alenkpedro/xperience-ptbr-artes/main/franquia-capa-045-todo-mundo-em-panico.webp,https://raw.githubusercontent.com/alenkpedro/xperience-ptbr-artes/main/franquia-logo-045-todo-mundo-em-panico.webp
franquias,46,Planeta dos Macacos,https://raw.githubusercontent.com/alenkpedro/xperience-ptbr-artes/main/franquia-capa-046-planeta-dos-macacos.webp,https://raw.githubusercontent.com/alenkpedro/xperience-ptbr-artes/main/franquia-logo-046-planeta-dos-macacos.webp
franquias,47,Transformers,https://raw.githubusercontent.com/alenkpedro/xperience-ptbr-artes/main/franquia-capa-047-transformers.webp,https://raw.githubusercontent.com/alenkpedro/xperience-ptbr-artes/main/franquia-logo-047-transformers.webp
franquias,48,Jogos Vorazes,https://raw.githubusercontent.com/alenkpedro/xperience-ptbr-artes/main/franquia-capa-048-jogos-vorazes.webp,https://raw.githubusercontent.com/alenkpedro/xperience-ptbr-artes/main/franquia-logo-048-jogos-vorazes.webp
franquias,49,Maze Runner,https://raw.githubusercontent.com/alenkpedro/xperience-ptbr-artes/main/franquia-capa-049-maze-runner.webp,https://raw.githubusercontent.com/alenkpedro/xperience-ptbr-artes/main/franquia-logo-049-maze-runner.webp
franquias,50,Piratas do Caribe,https://raw.githubusercontent.com/alenkpedro/xperience-ptbr-artes/main/franquia-capa-050-piratas-do-caribe.webp,https://raw.githubusercontent.com/alenkpedro/xperience-ptbr-artes/main/franquia-logo-050-piratas-do-caribe.webp
franquias,51,Shrek,https://raw.githubusercontent.com/alenkpedro/xperience-ptbr-artes/main/franquia-capa-051-shrek.webp,https://raw.githubusercontent.com/alenkpedro/xperience-ptbr-artes/main/franquia-logo-051-shrek.webp
franquias,52,A Era do Gelo,https://raw.githubusercontent.com/alenkpedro/xperience-ptbr-artes/main/franquia-capa-052-a-era-do-gelo.webp,https://raw.githubusercontent.com/alenkpedro/xperience-ptbr-artes/main/franquia-logo-052-a-era-do-gelo.webp
franquias,53,Como Treinar o Seu Dragão,https://raw.githubusercontent.com/alenkpedro/xperience-ptbr-artes/main/franquia-capa-053-como-treinar-o-seu-dragao.webp,https://raw.githubusercontent.com/alenkpedro/xperience-ptbr-artes/main/franquia-logo-053-como-treinar-o-seu-dragao.webp
franquias,54,Meu Malvado Favorito,https://raw.githubusercontent.com/alenkpedro/xperience-ptbr-artes/main/franquia-capa-054-meu-malvado-favorito.webp,https://raw.githubusercontent.com/alenkpedro/xperience-ptbr-artes/main/franquia-logo-054-meu-malvado-favorito.webp
franquias,55,Minions,https://raw.githubusercontent.com/alenkpedro/xperience-ptbr-artes/main/franquia-capa-055-minions.webp,https://raw.githubusercontent.com/alenkpedro/xperience-ptbr-artes/main/franquia-logo-055-minions.webp
franquias,56,Kung Fu Panda,https://raw.githubusercontent.com/alenkpedro/xperience-ptbr-artes/main/franquia-capa-056-kung-fu-panda.webp,https://raw.githubusercontent.com/alenkpedro/xperience-ptbr-artes/main/franquia-logo-056-kung-fu-panda.webp
franquias,57,Os Incríveis,https://raw.githubusercontent.com/alenkpedro/xperience-ptbr-artes/main/franquia-capa-057-os-incriveis.webp,https://raw.githubusercontent.com/alenkpedro/xperience-ptbr-artes/main/franquia-logo-057-os-incriveis.webp
franquias,58,Toy Story,https://raw.githubusercontent.com/alenkpedro/xperience-ptbr-artes/main/franquia-capa-058-toy-story.webp,https://raw.githubusercontent.com/alenkpedro/xperience-ptbr-artes/main/franquia-logo-058-toy-story.webp
franquias,59,Procurando Nemo,https://raw.githubusercontent.com/alenkpedro/xperience-ptbr-artes/main/franquia-capa-059-procurando-nemo.webp,https://raw.githubusercontent.com/alenkpedro/xperience-ptbr-artes/main/franquia-logo-059-procurando-nemo.webp
franquias,60,Duna,https://raw.githubusercontent.com/alenkpedro/xperience-ptbr-artes/main/franquia-capa-060-duna.webp,https://raw.githubusercontent.com/alenkpedro/xperience-ptbr-artes/main/franquia-logo-060-duna.webp
franquias,61,O Poderoso Chefão,https://raw.githubusercontent.com/alenkpedro/xperience-ptbr-artes/main/franquia-capa-061-o-poderoso-chefao.webp,https://raw.githubusercontent.com/alenkpedro/xperience-ptbr-artes/main/franquia-logo-061-o-poderoso-chefao.webp
franquias,62,Avatar,https://raw.githubusercontent.com/alenkpedro/xperience-ptbr-artes/main/franquia-capa-062-avatar.webp,https://raw.githubusercontent.com/alenkpedro/xperience-ptbr-artes/main/franquia-logo-062-avatar.webp
franquias,63,Entre Facas e Segredos,https://raw.githubusercontent.com/alenkpedro/xperience-ptbr-artes/main/franquia-capa-063-entre-facas-e-segredos.webp,https://raw.githubusercontent.com/alenkpedro/xperience-ptbr-artes/main/franquia-logo-063-entre-facas-e-segredos.webp
franquias,64,De Volta para o Futuro,https://raw.githubusercontent.com/alenkpedro/xperience-ptbr-artes/main/franquia-capa-064-de-volta-para-o-futuro.webp,https://raw.githubusercontent.com/alenkpedro/xperience-ptbr-artes/main/franquia-logo-064-de-volta-para-o-futuro.webp
franquias,65,Sherlock Holmes,https://raw.githubusercontent.com/alenkpedro/xperience-ptbr-artes/main/franquia-capa-065-sherlock-holmes.webp,https://raw.githubusercontent.com/alenkpedro/xperience-ptbr-artes/main/franquia-logo-065-sherlock-holmes.webp
franquias,66,Universo DC,https://raw.githubusercontent.com/alenkpedro/xperience-ptbr-artes/main/franquia-capa-066-universo-dc.webp,https://raw.githubusercontent.com/alenkpedro/xperience-ptbr-artes/main/franquia-logo-066-universo-dc.webp
